Mineral,Lower_Limit_F,Upper_Limit_F,Window_Lower_Limit_F,Window_Upper_Limit_F,Lower_Limit_L,Upper_Limit_L,Window_Lower_Limit_L,Window_Upper_Limit_L
Al2O3,0,2.38855889,0,2.46767889,0,1.6619745,0,1.7428545
Fe,61.16504505,100,60.96364505,100,61.8806202,100,61.6820202,100
Mn,0,0.21910864,0,0.26865864,0,0.22090864,0,0.27135864
P,0,0.1060325,0,0.1090475,0,0.092972175,0,0.095957175
S,0,0.03109832,0,0.03614832,0,0.02789856,0,0.03284856
SiO2,0,4.02458136,0,4.17773136,0,3.37227704,0,3.51912704
