Cut_ID,Al2O3,CaO,Fe,MgO,Mn,P,S,SiO2,TiO2,Cut_Volume,Cost
01-01-01-01-01,2.404211589,0.059212465,61.40883137,0.086345194,0.088598203,0.11321311,0.020973807,3.481820751,0.08959377,216.4178815,144.2785876
01-01-01-01-02,2.400563189,0.059132048,61.42805216,0.085853621,0.088271323,0.113416802,0.021246852,3.478408618,0.089218903,672.1019701,448.0679801
01-01-01-02-01,2.334513465,0.06742092,61.76540924,0.077775802,0.085232364,0.112355113,0.020188825,3.379239973,0.081631108,734.4959941,367.247997
01-01-01-02-02,2.301861733,0.070078684,61.9758005,0.07166317,0.078018817,0.115549687,0.019666053,3.30832046,0.07752856,1580.571373,790.2856864